IDEntidad_EmpleadorDelActivo;IDActivo;IDAudienciaReunion;IDAsistenciaActivo
;162;1;1
2;;1;2
;164;2;3
4;;2;4
;716;201;543
413;;201;544
;718;202;545
414;;202;546
;721;203;547
;722;204;548
;724;204;549
;726;205;550
;727;205;551
;728;205;552
;729;205;553
;730;206;554
;732;207;555
;734;207;556
;736;208;557
;737;208;558
;738;208;559
;739;208;560
;740;209;561
;811;256;618
;817;261;623
;818;262;624
;835;277;640
514;;277;641
;1029;447;811
;1030;448;812
;1031;448;813
;1032;448;814
;1033;449;815
;1034;449;816
;1035;449;817
;1036;450;818
;1037;451;819
;1038;451;820
;1039;451;821
;1040;452;822
;1041;453;823
;1042;454;824
;1043;454;825
;1044;455;826
;1045;455;827
;1046;455;828
;1047;455;829
;1048;455;830
;1049;455;831
;1050;455;832
;1051;455;833
;1052;455;834
;1053;455;835
;1054;456;836
;1055;456;837
;1058;457;840
;1059;457;841
;1060;458;842
;1061;458;843
;1062;458;844
;1063;458;845
;1064;459;846
;1065;460;847
;1066;460;848
;1067;460;849
;1068;460;850
;1069;461;851
;1070;462;852
;1071;463;853
;1072;463;854
;1073;463;855
;1074;463;856
;1075;463;857
;1076;463;858
;1077;463;859
;1078;464;860
;1079;464;861
;1080;464;862
;1081;464;863
;1082;465;864
;1083;465;865
;1084;465;866
;1085;465;867
;1086;465;868
;1087;466;869
;1088;466;870
;1090;468;872
;1091;468;873
;1092;468;874
;1093;469;875
;1094;469;876
;1095;469;877
;1096;469;878
;1097;469;879
;1098;469;880
;1099;469;881
;1100;470;882
;1101;471;883
;1102;471;884
;1103;471;885
;1104;471;886
;1105;471;887
;1106;472;888
;697;472;889
;1107;472;890
;699;472;891
;1108;473;892
;1109;473;893
;1110;474;894
;703;474;895
;1111;474;896
;1112;475;897
;1113;475;898
;1114;475;899
;1115;475;900
;1116;476;901
;1117;476;902
;1118;476;903
;1119;477;904
;1120;477;905
;1121;477;906
;1122;477;907
;1123;477;908
;1124;477;909
;1125;477;910
;1126;478;911
720;;478;912
;1127;478;913
;1128;478;914
;1129;479;915
;1130;479;916
;1131;479;917
;1132;480;918
;1133;480;919
;1134;480;920
;1135;480;921
;1136;480;922
;1137;480;923
;1138;480;924
;1139;481;925
;1140;482;926
;1141;483;927
;1142;483;928
;1143;484;929
;1144;485;930
;1145;485;931
;1146;485;932
;1147;485;933
;1148;485;934
;1149;486;935
;1150;486;936
;1151;486;937
;1152;487;938
;1153;487;939
;1154;487;940
;1155;488;941
;1156;488;942
;1157;488;943
;1158;488;944
;1159;488;945
;1160;488;946
;1161;489;947
;1162;489;948
;1163;489;949
;1164;490;950
;1165;490;951
;1166;491;952
;1167;492;953
;1168;492;954
;1169;492;955
;1170;492;956
;1171;492;957
;1172;493;958
;1173;493;959
;1174;493;960
;1175;494;961
;1176;495;962
;1177;496;963
;1178;496;964
;1179;496;965
;1180;496;966
;1181;497;967
;1182;497;968
;1183;498;969
;1184;498;970
;1185;498;971
;1186;499;972
;1187;499;973
;1188;499;974
;1189;499;975
;1190;501;976
;1191;501;977
;1192;502;978
;1193;502;979
;1194;503;980
;1195;504;981
777;;504;982
;1196;505;983
;1197;506;984
;1198;507;985
;1199;507;986
;1200;507;987
;1201;508;988
;1202;508;989
;1203;508;990
;1204;508;991
;1205;508;992
;1206;509;993
;1207;509;994
;1208;510;995
;1209;511;996
;1210;511;997
;1211;511;998
;1212;511;999
;1213;511;1000
;1214;511;1001
;1215;512;1002
;1216;512;1003
;1217;513;1004
;1218;513;1005
;1219;513;1006
;1220;514;1007
;1221;514;1008
;1222;514;1009
;1223;515;1010
;1224;515;1011
;1225;515;1012
;1226;516;1013
;1227;517;1014
;1228;518;1015
;1229;518;1016
;1230;519;1017
;801;519;1018
;1231;519;1019
;1232;519;1020
;1233;520;1021
;1234;520;1022
;1235;520;1023
;1236;520;1024
;1237;521;1025
;1238;521;1026
;1239;521;1027
;1240;521;1028
;1241;521;1029
;1242;522;1030
;1243;523;1031
;1244;523;1032
;1245;524;1033
;1246;524;1034
;1247;525;1035
;1248;525;1036
;1249;526;1037
;1250;527;1038
;1251;527;1039
;1252;527;1040
;1253;528;1041
;1254;528;1042
;1255;528;1043
;1256;529;1044
;1257;529;1045
;1258;529;1046
;1259;530;1047
;1260;531;1048
;1261;532;1049
;1262;532;1050
;1263;532;1051
;1264;533;1052
;1265;534;1053
;1266;534;1054
;1267;534;1055
;1268;535;1056
;1269;535;1057
;1270;536;1058
;826;537;1060
;1272;537;1061
;829;537;1062
;1273;537;1063
;831;537;1064
;1274;538;1065
;1275;539;1066
;1276;540;1067
;1277;541;1068
;1278;542;1069
;1279;542;1070
;1280;542;1071
;1281;542;1072
;1282;542;1073
;1283;542;1074
;1284;542;1075
;1285;543;1076
;843;543;1077
;1286;544;1078
;1287;545;1079
;1288;545;1080
;1289;545;1081
;1290;545;1082
;1291;546;1083
;1292;547;1084
;1293;547;1085
;1294;548;1086
;1295;548;1087
;1296;548;1088
;1297;548;1089
;1298;548;1090
;1299;549;1091
;1300;549;1092
;1301;549;1093
;1302;549;1094
;1303;549;1095
;1304;549;1096
;1305;549;1097
;1306;549;1098
;1307;549;1099
;1308;550;1100
;1309;550;1101
;1310;550;1102
;1311;550;1103
;1312;550;1104
;1313;551;1105
;1314;551;1106
;1315;551;1107
;1316;552;1108
;1317;552;1109
;1318;553;1110
;1319;554;1111
;1320;555;1112
;1321;555;1113
;1322;556;1114
;1323;556;1115
;1324;556;1116
;1325;557;1117
;1326;558;1118
;1327;558;1119
;1328;559;1120
;877;559;1121
;1329;560;1122
;1330;561;1123
;1331;561;1124
;1332;562;1125
;1333;563;1126
;1334;563;1127
;1335;564;1128
;1336;565;1129
;1337;565;1130
;1338;565;1131
;1339;566;1132
;1340;566;1133
;1341;567;1134
;1342;567;1135
;1343;567;1136
;1344;567;1137
;1345;567;1138
;1346;567;1139
;1347;568;1140
;1348;568;1141
;1349;568;1142
;1350;568;1143
;1351;568;1144
;1352;569;1145
;1353;570;1146
;1354;571;1147
;1355;572;1148
;1356;573;1149
;1357;573;1150
;1358;573;1151
;1359;574;1152
;1360;574;1153
;1361;574;1154
;1362;575;1155
;1363;575;1156
;1364;575;1157
;1365;576;1158
;1366;577;1159
;1367;578;1160
;1368;578;1161
;1369;578;1162
;1370;578;1163
;909;578;1164
;1371;578;1165
;911;578;1166
;1372;578;1167
;1373;578;1168
;1374;578;1169
;1375;579;1170
;1376;579;1171
;1377;580;1172
;1378;580;1173
;1379;580;1174
;1380;580;1175
;1381;580;1176
;1382;581;1177
;1383;581;1178
;1384;581;1179
;1385;581;1180
;1386;581;1181
;1387;582;1182
;1388;582;1183
;1389;582;1184
;1390;582;1185
;1391;582;1186
;1392;582;1187
;1393;583;1188
;1394;583;1189
;1395;583;1190
;1396;583;1191
;1397;583;1192
;1398;583;1193
;1399;584;1194
;1400;585;1195
;1401;586;1196
;1402;587;1197
;1403;587;1198
929;;587;1199
;1404;588;1200
;1405;589;1201
;1406;589;1202
;1407;590;1203
;1408;590;1204
;1409;590;1205
;1410;590;1206
;1411;590;1207
;1412;590;1208
;1413;590;1209
;1414;591;1210
;1415;591;1211
;1416;592;1212
;1417;593;1213
;1418;594;1214
;1419;594;1215
;1420;594;1216
;1421;595;1217
;1422;595;1218
;1423;595;1219
;1424;595;1220
;1425;595;1221
;1426;595;1222
;1427;595;1223
;1428;595;1224
;1429;596;1225
;1430;597;1226
;1431;597;1227
;1432;597;1228
;1433;597;1229
;1434;598;1230
;1435;599;1231
957;;599;1232
;1436;600;1233
;1437;601;1234
;1438;601;1235
;1439;601;1236
;1440;602;1237
;1441;602;1238
;1442;602;1239
;1443;602;1240
;1444;602;1241
;1445;602;1242
;1446;603;1243
;1447;603;1244
;1448;603;1245
;1449;603;1246
;1450;603;1247
;1451;603;1248
;1452;603;1249
;1453;603;1250
;1454;604;1251
;1455;604;1252
;1456;604;1253
;1457;604;1254
;1458;604;1255
;1459;605;1256
;1462;606;1259
;1463;606;1260
;1464;606;1261
;1465;606;1262
;1466;606;1263
;1467;607;1264
;1468;607;1265
;1469;608;1266
;1470;608;1267
;1471;609;1268
;1472;609;1269
;1473;609;1270
;1474;609;1271
;1475;609;1272
;1476;610;1273
;1477;611;1274
;1478;611;1275
;1479;611;1276
;1480;612;1277
;1481;612;1278
;1002;612;1279
;1482;612;1280
;1004;612;1281
;1483;612;1282
;1007;612;1283
;1484;613;1284
;1485;614;1285
;1486;615;1286
;1487;615;1287
;1488;615;1288
;1489;616;1289
;1490;617;1290
;1491;617;1291
;1492;617;1292
;1493;618;1293
;1494;619;1294
;1495;619;1295
;1496;620;1296
;1497;621;1297
;1498;621;1298
;1499;621;1299
;1500;622;1300
;1501;622;1301
;1502;623;1302
;1503;623;1303
;1504;623;1304
;1505;625;1305
;1506;625;1306
;1507;626;1307
;1508;626;1308
;1509;627;1309
;1510;627;1310
;1511;628;1311
;1512;629;1312
;1513;630;1313
;1514;630;1314
;1515;631;1315
;1516;631;1316
;1517;631;1317
;1518;631;1318
;1519;631;1319
;1520;631;1320
;1521;632;1321
;1522;632;1322
;1523;632;1323
;1524;632;1324
;1525;632;1325
;1526;633;1326
;1527;633;1327
;1528;633;1328
;1529;634;1329
;1530;635;1330
;1531;635;1331
;1532;635;1332
;1533;636;1333
;1534;636;1334
;1535;636;1335
;1536;636;1336
;1537;636;1337
;1538;637;1338
;1539;637;1339
;1540;637;1340
;1541;638;1341
;1542;638;1342
;1543;639;1343
;1544;640;1344
;1545;640;1345
;1546;641;1346
;1547;642;1347
;1548;642;1348
;1549;642;1349
;1550;642;1350
;1551;642;1351
;1552;643;1352
;1553;644;1353
;1554;644;1354
;1555;644;1355
;1556;644;1356
;1557;644;1357
;1558;644;1358
;1559;644;1359
;1560;644;1360
;1561;644;1361
;1562;645;1362
;1563;645;1363
;1564;646;1364
;1565;647;1365
;1566;647;1366
;1567;648;1367
1069;;648;1368
;1568;648;1369
;1569;648;1370
;1570;649;1371
;1571;649;1372
;1572;649;1373
;1573;649;1374
;1574;649;1375
;1575;650;1376
;1576;650;1377
;1577;651;1378
;1578;651;1379
;1579;651;1380
;1580;652;1381
;1581;652;1382
;1582;653;1383
;1583;653;1384
1084;;653;1385
;1584;654;1386
;1585;654;1387
;1586;654;1388
;1587;654;1389
;1588;654;1390
;1589;655;1391
;1590;655;1392
;1591;655;1393
;1592;655;1394
;1593;656;1395
1093;;656;1396
;1594;657;1397
;1595;658;1398
;1596;659;1399
;1597;660;1400
;1598;660;1401
;1599;661;1402
;1600;661;1403
;1601;662;1404
;1602;662;1405
;1603;663;1406
;1604;664;1407
;1605;664;1408
;1606;664;1409
;1607;665;1410
;1608;665;1411
;1609;665;1412
1109;;665;1413
;1610;665;1414
;1611;665;1415
;1612;665;1416
;1613;666;1417
;1614;666;1418
1114;;667;1420
;1616;668;1421
1117;;668;1422
;1617;669;1423
1120;;669;1424
;1618;669;1425
1122;;669;1426
;1622;671;1430
;1623;671;1431
;1624;671;1432
;1625;671;1433
1136;;671;1434
;1626;671;1435
;1627;672;1436
;1628;673;1437
;1629;673;1438
;1630;674;1439
;1631;675;1440
;1632;675;1441
;1633;676;1442
1145;;676;1443
;1634;677;1444
1146;;677;1445
;1635;678;1446
1147;;678;1447
;1637;680;1449
;1638;681;1450
;1639;682;1451
;1641;684;1453
;1642;685;1454
1153;;685;1455
;1643;686;1456
;1644;687;1457
;1647;690;1460
;1648;691;1461
;2311;693;1463
;2312;694;1464
;2313;695;1465
;2314;696;1466
